{"Accuracy": 0.219, "_timestamp": 1717971040.19402, "_runtime": 0.5188541412353516, "_step": 36, "_wandb": {"runtime": 0}}