{"accuracy": 0.6826800107955933, "loss": 0.9042742252349854, "val_accuracy": 0.21660000085830688, "val_loss": 2.7076163291931152, "_timestamp": 1717969220.9002936, "_runtime": 594.5237865447998, "_step": 2, "_wandb": {"runtime": 610}}