{"Accuracy": 0.22, "_timestamp": 1717970955.4307137, "_runtime": 0.46273064613342285, "_step": 10, "_wandb": {"runtime": 0}}