{"accuracy": 0.7030799984931946, "loss": 0.8472856879234314, "val_accuracy": 0.10740000009536743, "val_loss": 4.68332052230835, "_timestamp": 1717970817.3526945, "_runtime": 593.9764685630798, "_step": 2, "_wandb": {"runtime": 611}}