{"accuracy": 0.6947000026702881, "loss": 0.8681914210319519, "val_accuracy": 0.15809999406337738, "val_loss": 3.170639991760254, "_timestamp": 1715910008.2807505, "_runtime": 410.83449149131775, "_step": 2, "_wandb": {"runtime": 429}}