{"val_loss": 2.448362350463867, "val_accuracy": 0.0, "_timestamp": 1717971193.7972872, "_runtime": 1.2947592735290527, "_step": 0, "_wandb": {"runtime": 1}}