{"accuracy": 0.5088199973106384, "loss": 1.401616096496582, "val_accuracy": 0.10719999670982361, "val_loss": 3.590721368789673, "_timestamp": 1717969429.5365098, "_runtime": 189.68434476852417, "_step": 0}