{"accuracy": 0.5070599913597107, "loss": 1.3690543174743652, "val_accuracy": 0.2061000019311905, "val_loss": 3.3667843341827393, "_timestamp": 1715909568.824724, "_runtime": 407.01456594467163, "_step": 2, "_wandb": {"runtime": 430}}