{"accuracy": 0.6754000186920166, "loss": 0.9256346225738525, "val_accuracy": 0.13770000636577606, "val_loss": 3.8604211807250977, "_timestamp": 1717970218.8946779, "_runtime": 659.0629079341888, "_step": 2, "_wandb": {"runtime": 658}}