{"val_loss": 5.316495895385742, "val_accuracy": 0.0, "_timestamp": 1717971203.5151248, "_runtime": 1.0369577407836914, "_step": 0, "_wandb": {"runtime": 0}}